episode,exp
1521,0.25005827789782864
4561,0.18668219012658152
7601,0.16366577524207673
10641,0.12585824119923006
13681,0.07978079074199404
16721,0.09178023440355881
19761,0.11584094590779428
