alg,episode,nc_last
tabular,1,4.747222222222224
tabular,4000,2.874242752194762
tabular,8000,2.0460727519276305
tabular,12000,1.84039689405226
tabular,16000,1.993379075755731
tabular,20000,2.254962166494812
