B,dist2_floor,nc_floor
4,1.1525640981043437,0.2991808203092611
16,0.8048840199909758,0.16662269157443624
64,0.789186023134608,0.12795396092496733
256,0.8812055750024239,0.2758016076743606
