tau,K,phases,per_phase_factor,final_nc
0.1,432,46,0.9811626298032785,0.17560225413693373
0.2,222,90,0.9912091089761241,0.17929924854920387
0.5,96,208,0.9984527486276598,0.4582921330409458
